456161733;Juan;Gonzales;null;domicilio;42355648;+54 34500000;Divorciado;correo@mail.com
45616133;Deian;Teze;null;casa;42355648;+54 34500000;Divorciado;correo@mail.com
45616133;Juan;Gonzales;null;domicilio;42355648;+54 34500000;Divorciado;correo@mail.com
45616133;Deian;Teze;null;casa;42355648;+54 34500000;Divorciado;correo@mail.com
45616133;Juan;Gonzales;null;domicilio;42355648;+54 34500000;Divorciado;correo@mail.com
45616133;Deian;Teze;null;casa;42355648;+54 34500000;Divorciado;correo@mail.com
46488897;n;a;null;do;0;+54;s;c
1;asf;asfasf;null;safasf;2141;asf;Casado/a;asfafs
132;123;132;null;casa;222;hola;Casado/a;c
14;14;14;Fri Feb 14 00:00:00 ART 1997;14;41;41;Casado/a;71757
